,provider_key,carrier,name,key,parent_key,order,data_n,sms_n,voice_n,capacity,price,phone_base,down_speed,up_speed,voice_price,sms_d,sms_i,carry_over,admin_fee,add_sim,payment_type,SIM発行料,最低利用期間,penalty,start_at,end_at,visible
,dmm,docomo,ライトプラン データSIMプラン,light-data,,,1,0,0,,440,,,,,,,,3000,,,,,,,,TRUE
,,,ライトプラン 通話SIMプラン,light-voice,,,0,0,1,,1140,,,,,,,,3000,,,,,,,,TRUE
,,,シングルコース データSIMプラン,single-data-1,,,1,0,0,1,480,,,,,,,,3000,,,,,,,,TRUE
,,,,single-data-2,single-data-1,,1,0,0,2,770,,,,,,,,3000,,,,,,,,TRUE
,,,,single-data-3,single-data-1,,1,0,0,3,850,,,,,,,,3000,,,,,,,,TRUE
,,,,single-data-5,single-data-1,,1,0,0,5,1210,,,,,,,,3000,,,,,,,,TRUE
,,,,single-data-7,single-data-1,,1,0,0,7,1860,,,,,,,,3000,,,,,,,,TRUE
,,,,single-data-8,single-data-1,,1,0,0,8,1980,,,,,,,,3000,,,,,,,,TRUE
,,,,single-data-10,single-data-1,,1,0,0,10,2190,,,,,,,,3000,,,,,,,,TRUE
,,,,single-data-15,single-data-1,,1,0,0,15,3280,,,,,,,,3000,,,,,,,,TRUE
,,,,single-data-20,single-data-1,,1,0,0,20,3980,,,,,,,,3000,,,,,,,,TRUE
,,,シングルコース データSIMプラン（SMSつき）,single-sms-1,,,0,1,0,1,630,,,,,,,,3000,,,,,,,,TRUE
,,,,single-sms-2,single-sms-1,,0,1,0,2,920,,,,,,,,3000,,,,,,,,TRUE
,,,,single-sms-3,single-sms-1,,0,1,0,3,1000,,,,,,,,3000,,,,,,,,TRUE
,,,,single-sms-5,single-sms-1,,0,1,0,5,1360,,,,,,,,3000,,,,,,,,TRUE
,,,,single-sms-7,single-sms-1,,0,1,0,7,2010,,,,,,,,3000,,,,,,,,TRUE
,,,,single-sms-8,single-sms-1,,0,1,0,8,2130,,,,,,,,3000,,,,,,,,TRUE
,,,,single-sms-10,single-sms-1,,0,1,0,10,2340,,,,,,,,3000,,,,,,,,TRUE
,,,,single-sms-15,single-sms-1,,0,1,0,15,3430,,,,,,,,3000,,,,,,,,TRUE
,,,,single-sms-20,single-sms-1,,0,1,0,20,4130,,,,,,,,3000,,,,,,,,TRUE
,,,シングルコース 通話SIMプラン,signle-voice-1,,,0,0,1,1,1260,,,,20円/30秒,,,,3000,,,,,"通話SIMプランを最低利用期間内に解約される場合、解約手数料（9,000円）が発生いたします。",,,TRUE
,,,,signle-voice-2,signle-voice-1,,0,0,1,2,1380,,,,20円/30秒,,,,3000,,,,,,,,TRUE
,,,,signle-voice-3,signle-voice-1,,0,0,1,3,1500,,,,20円/30秒,,,,3000,,,,,,,,TRUE
,,,,signle-voice-5,signle-voice-1,,0,0,1,5,1910,,,,20円/30秒,,,,3000,,,,,,,,TRUE
,,,,signle-voice-7,signle-voice-1,,0,0,1,7,2560,,,,20円/30秒,,,,3000,,,,,,,,TRUE
,,,,signle-voice-8,signle-voice-1,,0,0,1,8,2680,,,,20円/30秒,,,,3000,,,,,,,,TRUE
,,,,signle-voice-10,signle-voice-1,,0,0,1,10,2890,,,,20円/30秒,,,,3000,,,,,,,,TRUE
,,,,signle-voice-15,signle-voice-1,,0,0,1,15,3980,,,,20円/30秒,,,,3000,,,,,,,,TRUE
,,,,signle-voice-20,signle-voice-1,,0,0,1,20,4680,,,,20円/30秒,,,,3000,,,,,,,,TRUE
,,,データSIMのみプラン 最大3枚,data3,,,3,0,0,8,1980,,,,,,,,3000,,,,1,,,,FALSE
,,,,,,,3,0,0,10,2190,,,,,,,,3000,,,,1,,,,FALSE
,,,,,,,3,0,0,15,3280,,,,,,,,3000,,,,1,,,,FALSE
,,,,,,,3,0,0,20,3980,,,,,,,,3000,,,,1,,,,FALSE
,,,データSIMのみプラン 最大3枚（SMSつき）,,,,2,1,0,8,2130,,,,,,,,3000,,,,,,,,FALSE
,,,,,,,2,1,0,10,2340,,,,,,,,3000,,,,,,,,FALSE
,,,,,,,2,1,0,15,3430,,,,,,,,3000,,,,,,,,FALSE
,,,,,,,2,1,0,20,4130,,,,,,,,3000,,,,,,,,FALSE
,,,通話SIM1枚+データSIM最大2枚プラン,voice1data2,,,2,0,1,8,2680,,,,20円/30秒,,,,3000,,,,12,"通話SIMプランを最低利用期間内に解約される場合、解約手数料（9,000円）が発生いたします。",,,FALSE
,,,,,,,2,0,1,10,2890,,,,20円/30秒,,,,3000,,,,12,"通話SIMプランを最低利用期間内に解約される場合、解約手数料（9,000円）が発生いたします。",,,FALSE
,,,,,,,2,0,1,15,3980,,,,20円/30秒,,,,3000,,,,12,"通話SIMプランを最低利用期間内に解約される場合、解約手数料（9,000円）が発生いたします。",,,FALSE
,,,,,,,2,0,1,20,4680,,,,20円/30秒,,,,3000,,,,12,"通話SIMプランを最低利用期間内に解約される場合、解約手数料（9,000円）が発生いたします。",,,FALSE
,,,通話SIM2枚+データSIM最大1枚プラン,voice2data1,,,1,0,2,8,3380,,,,20円/30秒,,,,3000,,,,12,"通話SIMプランを最低利用期間内に解約される場合、解約手数料（9,000円）が発生いたします。",,,FALSE
,,,,,,,1,0,2,10,3590,,,,20円/30秒,,,,3000,,,,12,"通話SIMプランを最低利用期間内に解約される場合、解約手数料（9,000円）が発生いたします。",,,FALSE
,,,,,,,1,0,2,15,4680,,,,20円/30秒,,,,3000,,,,12,"通話SIMプランを最低利用期間内に解約される場合、解約手数料（9,000円）が発生いたします。",,,FALSE
,,,,,,,1,0,2,20,5380,,,,20円/30秒,,,,3000,,,,12,"通話SIMプランを最低利用期間内に解約される場合、解約手数料（9,000円）が発生いたします。",,,FALSE
,,,通話SIM3枚プラン,voice3,,,0,0,3,8,4080,,,,20円/30秒,,,,3000,,,,12,"通話SIMプランを最低利用期間内に解約される場合、解約手数料（9,000円）が発生いたします。",,,FALSE
,,,,,,,0,0,3,10,4290,,,,20円/30秒,,,,3000,,,,12,"通話SIMプランを最低利用期間内に解約される場合、解約手数料（9,000円）が発生いたします。",,,FALSE
,,,,,,,0,0,3,15,5380,,,,20円/30秒,,,,3000,,,,12,"通話SIMプランを最低利用期間内に解約される場合、解約手数料（9,000円）が発生いたします。",,,FALSE
,,,,,,,0,0,3,20,6080,,,,20円/30秒,,,,3000,,,,12,"通話SIMプランを最低利用期間内に解約される場合、解約手数料（9,000円）が発生いたします。",,,FALSE
,mineo,docomo,ドコモプラン（データ通信のみ）,d-plan-data-0.5,,,1,0,0,0.5,700,,,,,,,,3000,,,,,,,,TRUE
,,,,d-plan-data-1,d-plan-data-0.5,,1,0,0,1,800,,,,,,,,3000,,,,,,,,TRUE
,,,,d-plan-data-3,d-plan-data-0.5,,1,0,0,3,900,,,,,,,,3000,,,,,,,,TRUE
,,,,d-plan-data-5,d-plan-data-0.5,,1,0,0,5,1580,,,,,,,,3000,,,,,,,,TRUE
,,,,d-plan-data-10,d-plan-data-0.5,,1,0,0,10,2520,,,,,,,,3000,,,,,,,,TRUE
,,,ドコモプラン（データ通信＋SMS）,d-plan-sms-0.5,,,0,1,0,0.5,820,,,,,3〜30円/通,,,3000,,,,,,,,TRUE
,,,,d-plan-sms-1,d-plan-sms-0.5,,0,1,0,1,920,,,,,3〜30円/通,,,3000,,,,,,,,TRUE
,,,,d-plan-sms-3,d-plan-sms-0.5,,0,1,0,3,1020,,,,,3〜30円/通,,,3000,,,,,,,,TRUE
,,,,d-plan-sms-5,d-plan-sms-0.5,,0,1,0,5,1700,,,,,3〜30円/通,,,3000,,,,,,,,TRUE
,,,,d-plan-sms-10,d-plan-sms-0.5,,0,1,0,10,2640,,,,,3〜30円/通,,,3000,,,,,,,,TRUE
,,,ドコモプラン（データ通信＋090音声通話）,d-plan-voice-0.5,,,0,0,1,0.5,1400,|840_30|1680_60,,,20円/30秒,3〜30円/通,,,3000,,,,,,,,TRUE
,,,,d-plan-voice-1,d-plan-voice-0.5,,0,0,1,1,1500,|840_30|1680_60,,,20円/30秒,3〜30円/通,,,3000,,,,,,,,TRUE
,,,,d-plan-voice-3,d-plan-voice-0.5,,0,0,1,3,1600,|840_30|1680_60,,,20円/30秒,3〜30円/通,,,3000,,,,,,,,TRUE
,,,,d-plan-voice-5,d-plan-voice-0.5,,0,0,1,5,2280,|840_30|1680_60,,,20円/30秒,3〜30円/通,,,3000,,,,,,,,TRUE
,,,,d-plan-voice-10,d-plan-voice-0.5,,0,0,1,10,3220,|840_30|1680_60,,,20円/30秒,3〜30円/通,,,3000,,,,,,,,TRUE
,,au,auプラン（データ通信のみ）,a-plan-data-0.5,,,0,1,0,0.5,700,,,,,3円/通,,,3000,,,,,,,,TRUE
,,,,a-plan-data-1,a-plan-data-0.5,,0,1,0,1,800,,,,,3円/通,,,3000,,,,,,,,TRUE
,,,,a-plan-data-3,a-plan-data-0.5,,0,1,0,3,900,,,,,3円/通,,,3000,,,,,,,,TRUE
,,,,a-plan-data-5,a-plan-data-0.5,,0,1,0,5,1580,,,,,3円/通,,,3000,,,,,,,,TRUE
,,,,a-plan-data-10,a-plan-data-0.5,,0,1,0,10,2520,,,,,3円/通,,,3000,,,,,,,,TRUE
,,,auプラン（データ通信＋090音声通話）,a-plan-voice-0.5,,,0,0,1,0.5,1310,,,,,3円/通,,,3000,,,,,,,,TRUE
,,,,a-plan-voice-1,a-plan-voice-0.5,,0,0,1,1,1410,,,,,3円/通,,,3000,,,,,,,,TRUE
,,,,a-plan-voice-3,a-plan-voice-0.5,,0,0,1,3,1510,,,,,3円/通,,,3000,,,,,,,,TRUE
,,,,a-plan-voice-5,a-plan-voice-0.5,,0,0,1,5,2190,,,,,3円/通,,,3000,,,,,,,,TRUE
,,,,a-plan-voice-10,a-plan-voice-0.5,,0,0,1,10,3130,,,,,3円/通,,,3000,,,,,,,,TRUE
,rakuten,docomo,データSIM ベーシックプラン,data-basic,,,1,0,0,,525,,,,,,,,3394,,,,,,,,TRUE
,,,データSIM,data-3.1,,,1,0,0,3.1,900,,,,,,,,3394,,,,,,,,TRUE
,,,,data-5,data-3.1,,1,0,0,5,1450,,,,,,,,3394,,,,,,,,TRUE
,,,,data-10,data-3.1,,1,0,0,10,2260,,,,,,,,3394,,,,,,,,TRUE
,,,,data-20,data-3.1,,1,0,0,20,4050,,,,,,,,3394,,,,,,,,TRUE
,,,,data-30,data-3.1,,1,0,0,30,5450,,,,,,,,3394,,,,,,,,TRUE
,,,050データSIM ベーシックプラン,data-050-basic,,,0,1,0,,645,,,,,,,,3394,,,,,,,,TRUE
,,,050データSIM,data-050-3.1,,,0,1,0,3.1,1020,,,,,,,,3394,,,,,,,,TRUE
,,,,data-050-5,data-050-3.1,,0,1,0,5,1570,,,,,,,,3394,,,,,,,,TRUE
,,,,data-050-10,data-050-3.1,,0,1,0,10,2380,,,,,,,,3394,,,,,,,,TRUE
,,,,data-050-20,data-050-3.1,,0,1,0,20,4170,,,,,,,,3394,,,,,,,,TRUE
,,,,data-050-30,data-050-3.1,,0,1,0,30,5520,,,,,,,,3394,,,,,,,,TRUE
,,,通話SIM ベーシックプラン,voice-basic,,,0,0,1,,1250,,,,20円/30秒,3円/通,,,3394,,,,12,"解約手数料9,800円",,,TRUE
,,,通話SIM,voice-3.1,,,0,0,1,3.1,1600,,,,20円/30秒,3円/通,,,3394,,,,12,"解約手数料9,800円",,,TRUE
,,,,voice-5,voice-3.1,,0,0,1,5,2150,,,,20円/30秒,3円/通,,,3394,,,,12,"解約手数料9,800円",,,TRUE
,,,,voice-10,voice-3.1,,0,0,1,10,2960,,,,20円/30秒,3円/通,,,3394,,,,12,"解約手数料9,800円",,,TRUE
,,,,voice-20,voice-3.1,,0,0,1,20,4750,,,,20円/30秒,3円/通,,,3394,,,,12,"解約手数料9,800円",,,TRUE
,,,,voice-30,voice-3.1,,0,0,1,30,6150,,,,20円/30秒,3円/通,,,3394,,,,12,"解約手数料9,800円",,,TRUE
,freetel,docomo,使った分だけ安心プラン（データ）,anshin-data-0.1,,,1,0,0,0.1,299,,,,,3円/通,,,,,,,,,,,TRUE
,,,,anshin-data-1,anshin-data-0.1,,1,0,0,1,499,,,,,3円/通,,,,,,,,,,,TRUE
,,,,anshin-data-3,anshin-data-0.1,,1,0,0,3,900,,,,,3円/通,,,,,,,,,,,TRUE
,,,,anshin-data-5,anshin-data-0.1,,1,0,0,5,1520,,,,,3円/通,,,,,,,,,,,TRUE
,,,,anshin-data-8,anshin-data-0.1,,1,0,0,8,2140,,,,,3円/通,,,,,,,,,,,TRUE
,,,,anshin-data-10,anshin-data-0.1,,1,0,0,10,2470,,,,,3円/通,,,,,,,,,,,TRUE
,,,,anshin-data-15,anshin-data-0.1,,1,0,0,15,3680,,,,,3円/通,,,,,,,,,,,TRUE
,,,,anshin-data-20,anshin-data-0.1,,1,0,0,20,4870,,,,,3円/通,,,,,,,,,,,TRUE
,,,使った分だけ安心プラン（データ・SIMつき）,anshin-sms-0.1,,,0,1,0,0.1,439,,,,,,,,,,,,,,,,TRUE
,,,,anshin-sms-1,anshin-sms-0.1,,0,1,0,1,639,,,,,,,,,,,,,,,,TRUE
,,,,anshin-sms-3,anshin-sms-0.1,,0,1,0,3,1040,,,,,,,,,,,,,,,,TRUE
,,,,anshin-sms-5,anshin-sms-0.1,,0,1,0,5,1660,,,,,,,,,,,,,,,,TRUE
,,,,anshin-sms-8,anshin-sms-0.1,,0,1,0,8,2280,,,,,,,,,,,,,,,,TRUE
,,,,anshin-sms-10,anshin-sms-0.1,,0,1,0,10,2610,,,,,,,,,,,,,,,,TRUE
,,,,anshin-sms-15,anshin-sms-0.1,,0,1,0,15,3820,,,,,,,,,,,,,,,,TRUE
,,,,anshin-sms-20,anshin-sms-0.1,,0,1,0,20,5010,,,,,,,,,,,,,,,,TRUE
,,,使った分だけ安心プラン（音声）,anshin-voice-0.1,,,0,0,1,0.1,999,,,,20円/30秒,3円/通,,,,,,,,,,,TRUE
,,,,anshin-voice-1,anshin-voice-0.1,,0,0,1,1,1199,,,,20円/30秒,3円/通,,,,,,,,,,,TRUE
,,,,anshin-voice-3,anshin-voice-0.1,,0,0,1,3,1600,,,,20円/30秒,3円/通,,,,,,,,,,,TRUE
,,,,anshin-voice-5,anshin-voice-0.1,,0,0,1,5,2220,,,,20円/30秒,3円/通,,,,,,,,,,,TRUE
,,,,anshin-voice-8,anshin-voice-0.1,,0,0,1,8,2840,,,,20円/30秒,3円/通,,,,,,,,,,,TRUE
,,,,anshin-voice-10,anshin-voice-0.1,,0,0,1,10,3170,,,,20円/30秒,3円/通,,,,,,,,,,,TRUE
,,,,anshin-voice-15,anshin-voice-0.1,,0,0,1,15,4380,,,,20円/30秒,3円/通,,,,,,,,,,,TRUE
,,,,anshin-voice-20,anshin-voice-0.1,,0,0,1,20,5570,,,,20円/30秒,3円/通,,,,,,,,,,,TRUE
,,,定額プラン（データ）,teigaku-data-1,,,1,0,0,1,499,,,,,3円/通,,,"3,000",,,394,,,,,TRUE
,,,,teigaku-data-3,teigaku-data-1,,1,0,0,3,900,,,,,3円/通,,,,,,,,,,,TRUE
,,,,teigaku-data-5,teigaku-data-1,,1,0,0,5,1520,,,,,3円/通,,,,,,,,,,,TRUE
,,,,teigaku-data-8,teigaku-data-1,,1,0,0,8,2140,,,,,3円/通,,,,,,,,,,,TRUE
,,,,teigaku-data-10,teigaku-data-1,,1,0,0,10,2470,,,,,3円/通,,,,,,,,,,,TRUE
,,,,teigaku-data-15,teigaku-data-1,,1,0,0,15,3680,,,,,3円/通,,,,,,,,,,,TRUE
,,,,teigaku-data-20,teigaku-data-1,,1,0,0,20,4870,,,,,3円/通,,,,,,,,,,,TRUE
,,,,teigaku-data-30,teigaku-data-1,,1,0,0,30,6980,,,,,3円/通,,,,,,,,,,,TRUE
,,,,teigaku-data-40,teigaku-data-1,,1,0,0,40,9400,,,,,3円/通,,,,,,,,,,,TRUE
,,,,teigaku-data-50,teigaku-data-1,,1,0,0,50,11800,,,,,3円/通,,,,,,,,,,,TRUE
,,,定額プラン（データ・SMSつき）,teigaku-sms-1,,,0,1,0,1,639,,,,,,,,,,,,,,,,TRUE
,,,,teigaku-sms-3,teigaku-sms-1,,0,1,0,3,1040,,,,,,,,,,,,,,,,TRUE
,,,,teigaku-sms-5,teigaku-sms-1,,0,1,0,5,1660,,,,,,,,,,,,,,,,TRUE
,,,,teigaku-sms-8,teigaku-sms-1,,0,1,0,8,2280,,,,,,,,,,,,,,,,TRUE
,,,,teigaku-sms-10,teigaku-sms-1,,0,1,0,10,2610,,,,,,,,,,,,,,,,TRUE
,,,,teigaku-sms-15,teigaku-sms-1,,0,1,0,15,3820,,,,,,,,,,,,,,,,TRUE
,,,,teigaku-sms-20,teigaku-sms-1,,0,1,0,20,5010,,,,,,,,,,,,,,,,TRUE
,,,,teigaku-sms-30,teigaku-sms-1,,0,1,0,30,7120,,,,,,,,,,,,,,,,TRUE
,,,,teigaku-sms-40,teigaku-sms-1,,0,1,0,40,9540,,,,,,,,,,,,,,,,TRUE
,,,,teigaku-sms-50,teigaku-sms-1,,0,1,0,50,11940,,,,,,,,,,,,,,,,TRUE
,,,定額プラン（音声）,teigaku-voice-1,,,0,0,1,1,1199,,,,20円/30秒,3円/通,,,,,,,,,,,TRUE
,,,,teigaku-voice-3,teigaku-voice-1,,0,0,1,3,1600,,,,20円/30秒,3円/通,,,,,,,,,,,TRUE
,,,,teigaku-voice-5,teigaku-voice-1,,0,0,1,5,2220,,,,20円/30秒,3円/通,,,,,,,,,,,TRUE
,,,,teigaku-voice-8,teigaku-voice-1,,0,0,1,8,2840,,,,20円/30秒,3円/通,,,,,,,,,,,TRUE
,,,,teigaku-voice-10,teigaku-voice-1,,0,0,1,10,3170,,,,20円/30秒,3円/通,,,,,,,,,,,TRUE
,,,,teigaku-voice-15,teigaku-voice-1,,0,0,1,15,4380,,,,20円/30秒,3円/通,,,,,,,,,,,TRUE
,,,,teigaku-voice-20,teigaku-voice-1,,0,0,1,20,5570,,,,20円/30秒,3円/通,,,,,,,,,,,TRUE
,,,,teigaku-voice-30,teigaku-voice-1,,0,0,1,30,7680,,,,20円/30秒,3円/通,,,,,,,,,,,TRUE
,,,,teigaku-voice-40,teigaku-voice-1,,0,0,1,40,10100,,,,20円/30秒,3円/通,,,,,,,,,,,TRUE
,,,,teigaku-voice-50,teigaku-voice-1,,0,0,1,50,12500,,,,20円/30秒,3円/通,,,,,,,,,,,TRUE
,rokemoba,docomo,神 プラン,kami-data,,,1,0,0,,298,,200 kbps,,,,,,3000,,,,,,,,TRUE
,,,神 プラン（SMSつき）,kami-sms,,,0,1,0,,448,,200 kbps,,,2〜20円/通,,,3000,,,,,,,,TRUE
,,,神 プラン（通話）,kami-voice,,,0,0,1,,948,,200 kbps,,20円/30秒,,,,3000,,,,,,,,TRUE
,,,スーパー神プラン,super-kami-data,,,1,0,0,,719,,200 kbps,,,,,,3000,,,,,,,,TRUE
,,,スーパー神プラン（SMSつき）,super-kami-sms,,,0,1,0,,869,,200 kbps,,,2〜20円/通,,,3000,,,,,,,,TRUE
,,,Dプラン,d-plan-data-1,,,1,0,0,1,590,,225 Mbps,50 Mbps,,2〜20円/通,,,3000,,,,,,,,TRUE
,,,,d-plan-data-2,d-plan-data-1,,1,0,0,2,690,,,,,2〜20円/通,,,3000,,,,,,,,TRUE
,,,,d-plan-data-3,d-plan-data-1,,1,0,0,3,840,,,,,2〜20円/通,,,3000,,,,,,,,TRUE
,,,,d-plan-data-5,d-plan-data-1,,1,0,0,5,1200,,,,,2〜20円/通,,,3000,,,,,,,,TRUE
,,,,d-plan-data-7,d-plan-data-1,,1,0,0,7,1850,,,,,2〜20円/通,,,3000,,,,,,,,TRUE
,,,Dプラン（SMSつき）,d-plan-sms-1,,,0,1,0,1,740,,,,,,,,,,,,,,,,TRUE
,,,,d-plan-sms-2,d-plan-sms-1,,0,1,0,2,840,,,,,,,,,,,,,,,,TRUE
,,,,d-plan-sms-3,d-plan-sms-1,,0,1,0,3,990,,,,,,,,,,,,,,,,TRUE
,,,,d-plan-sms-5,d-plan-sms-1,,0,1,0,5,1350,,,,,,,,,,,,,,,,TRUE
,,,,d-plan-sms-7,d-plan-sms-1,,0,1,0,7,2000,,,,,,,,,,,,,,,,TRUE
,,,Dプラン（通話）,d-plan-voice-1,,,0,0,1,1,1250,,,,20円/30秒,2〜20円/通,,,3000,,,,12,"1年間の最低利用期間が設定されています。最低利用期間中の解約には、9,500円(税抜)の契約解除料が発生いたします。",,,TRUE
,,,,d-plan-voice-2,d-plan-voice-1,,0,0,1,2,1300,,,,20円/30秒,2〜20円/通,,,3000,,,,12,"1年間の最低利用期間が設定されています。最低利用期間中の解約には、9,500円(税抜)の契約解除料が発生いたします。",,,TRUE
,,,,d-plan-voice-3,d-plan-voice-1,,0,0,1,3,1400,,,,20円/30秒,2〜20円/通,,,3000,,,,12,"1年間の最低利用期間が設定されています。最低利用期間中の解約には、9,500円(税抜)の契約解除料が発生いたします。",,,TRUE
,,,,d-plan-voice-5,d-plan-voice-1,,0,0,1,5,1800,,,,20円/30秒,2〜20円/通,,,3000,,,,12,"1年間の最低利用期間が設定されています。最低利用期間中の解約には、9,500円(税抜)の契約解除料が発生いたします。",,,TRUE
,,,,d-plan-voice-7,d-plan-voice-1,,0,0,1,7,2400,,,,20円/30秒,2〜20円/通,,,3000,,,,12,"1年間の最低利用期間が設定されています。最低利用期間中の解約には、9,500円(税抜)の契約解除料が発生いたします。",,,TRUE
,umobile,docomo,U-mobile MAX データ専用,u-max-data,,,1,0,0,25,2380,,,,,,,,3000,,,,,,,,TRUE
,,,U-mobile MAX データ専用 SMS,u-max-sms,,,0,1,0,25,2530,,,,20円/30秒,3～30円/通,,,3000,,,,,,,,TRUE
,,,U-mobile MAX 通話プラス,u-max-voice,,,0,0,1,25,2880,,,,20円/30秒,3～30円/通,,,3000,,,,,,,,TRUE
,,,U-mobile SUPER Talk S,u-super-talk-s,,,0,0,1,2,2980,,,,10分以内の通話：月300回まで無料（301回目以降は20円／30秒）<br>10分超過の通話：20円／30秒（10分超過分のみ）,3～30円/通,,,3000,,,,24,,,,TRUE
,,,U-mobile SUPER Talk M,u-super-talk-m,,,0,0,1,6,3980,,,,10分以内の通話：月300回まで無料（301回目以降は20円／30秒）<br>10分超過の通話：20円／30秒（10分超過分のみ）,3～30円/通,,,3000,,,,24,,,,TRUE
,,,U-mobile SUPER Talk L,u-super-talk-l,,,0,0,1,12,5980,,,,10分以内の通話：月300回まで無料（301回目以降は20円／30秒）<br>10分超過の通話：20円／30秒（10分超過分のみ）,3～30円/通,,,3000,,,,24,,,,TRUE
,,,U-mobile 通話プラス 3GB,u-voice-3,,,0,0,1,3,1580,,,,20円/30秒,3～30円/通,,,3000,,,,6,,,,TRUE
,,,U-mobile 通話プラス 5GB,u-voice-5,u-voice-3,,0,0,1,5,1980,,,,20円/30秒,3～30円/通,,,3000,,,394,,,,,
,,,LTE使い放題,lte-free,,,0,0,1,,2980,,,,20円/30秒,3～30円/通,,,3000,,,394,6,,,,TRUE
,,,LTE使い放題2,lte-free-2,,,0,0,1,,2730,,,,20円/30秒,3～30円/通,,,3000,,,394,12,,,,TRUE
,,,USEN MUSIC SIM,usen,,,0,0,1,,2980,,,,20円/30秒,3～30円/通,,,3000,,,394,12,,,,TRUE
,,,U-mobile for iPhone,u-iphone,,,0,0,1,,2980,,,,20円/30秒,3～30円/通,,,3000,,,394,12,,,,TRUE
,dream,docomo,データプラン,data-1,,10,1,0,0,1,600,,,,,,,,3000,,,,,,,,TRUE
,,,,data-3,data-1,,1,0,0,3,840,,,,,,,,3000,,,,,,,,TRUE
,,,,data-5,data-1,,1,0,0,5,1220,,,,,,,,3000,,,,,,,,TRUE
,,,,data-10,data-1,,1,0,0,10,2100,,,,,,,,3000,,,,,,,,TRUE
,,,,data-15,data-1,,1,0,0,15,3600,,,,,,,,3000,,,,,,,,TRUE
,,,,data-20,data-1,,1,0,0,20,4850,,,,,,,,3000,,,,,,,,TRUE
,,,,data-free,data-1,,1,0,0,,2200,,,,,,,,3000,,,,,,,,TRUE
,,,データSMSプラン,sms-1,,30,0,1,0,1,750,,,,,3円～/通,,,3000,,,,,,,,TRUE
,,,,sms-3,sms-1,,0,1,0,3,990,,,,,3円～/通,,,3000,,,,,,,,TRUE
,,,,sms-5,sms-1,,0,1,0,5,1370,,,,,3円～/通,,,3000,,,,,,,,TRUE
,,,,sms-10,sms-1,,0,1,0,10,2250,,,,,3円～/通,,,3000,,,,,,,,TRUE
,,,,sms-15,sms-1,,0,1,0,15,3750,,,,,3円～/通,,,3000,,,,,,,,TRUE
,,,,sms-20,sms-1,,0,1,0,20,5100,,,,,3円～/通,,,3000,,,,,,,,TRUE
,,,,sms-free,sms-1,,0,1,0,,2350,,,,,3円～/通,,,3000,,,,,,,,TRUE
,,,通話プラン,voice-1,,50,0,0,1,1,1200,,,,20円/30秒,3円～/通,,,3000,,,,,,,,TRUE
,,,,voice-3,voice-1,,0,0,1,3,1490,,,,20円/30秒,3円～/通,,,3000,,,,,,,,TRUE
,,,,voice-5,voice-1,,0,0,1,5,1920,,,,20円/30秒,3円～/通,,,3000,,,,,,,,TRUE
,,,,voice-10,voice-1,,0,0,1,10,2800,,,,20円/30秒,3円～/通,,,3000,,,,,,,,TRUE
,,,,voice-15,voice-1,,0,0,1,15,4300,,,,20円/30秒,3円～/通,,,3000,,,,,,,,TRUE
,,,,voice-20,voice-1,,0,0,1,20,5550,,,,20円/30秒,3円～/通,,,3000,,,,,,,,TRUE
,,,,voice-free,voice-1,,0,0,1,,2900,,,,20円/30秒,3円～/通,,,3000,,,,,,,,TRUE
,ocn,docomo,データ通信専用SIMカード 110MB/日コース,data-110MBd,,,1,0,0,3.3,900,,,,,,,,3000,,,,,,,,TRUE
,,,データ通信専用SIMカード 170MB/日コース,data-170MBd,data-110MBd,,1,0,0,5.1,1380,,,,,,,,,,,,,,,,TRUE
,,,データ通信専用SIMカード 3GB/月コース,data-3GBm,data-110MBd,,1,0,0,3,1100,,,,,,,,,,,,,,,,TRUE
,,,データ通信専用SIMカード 6GB/月コース,data-6GBm,data-110MBd,,1,0,0,6,1450,,,,,,,,,,,,,,,,TRUE
,,,データ通信専用SIMカード 10GB/月コース,data-10GBm,data-110MBd,,1,0,0,10,2300,,,,,,,,,,,,,,,,TRUE
,,,データ通信専用SIMカード 20GB/月コース,data-20GBm,data-110MBd,,1,0,0,20,4150,,,,,,,,,,,,,,,,TRUE
,,,データ通信専用SIMカード 30GB/月コース,data-30GBm,data-110MBd,,1,0,0,30,6050,,,,,,,,,,,,,,,,TRUE
,,,データ通信専用SIMカード 500kbpsコース,data-500kbps,data-110MBd,,1,0,0,15,1800,,,,,,,,,,,,,,,,TRUE
,,,SMS対応SIMカード 110MB/日コース,sms-110MBd,,,0,1,0,3.3,1020,,,,,月内5通目まで0円、月内6通目以降3円,,,,,,,,,,,TRUE
,,,SMS対応SIMカード 170MB/日コース,sms-170MBd,sms-110MBd,,0,1,0,5.1,1500,,,,,月内5通目まで0円、月内6通目以降3円,,,,,,,,,,,TRUE
,,,SMS対応SIMカード  3GB/月コース,sms-3GBm,sms-110MBd,,0,1,0,3,1220,,,,,月内5通目まで0円、月内6通目以降3円,,,,,,,,,,,TRUE
,,,SMS対応SIMカード 6GB/月コース,sms-6GBm,sms-110MBd,,0,1,0,6,1570,,,,,月内5通目まで0円、月内6通目以降3円,,,,,,,,,,,TRUE
,,,SMS対応SIMカード 10GB/月コース,sms-10GBm,sms-110MBd,,0,1,0,10,2420,,,,,月内5通目まで0円、月内6通目以降3円,,,,,,,,,,,TRUE
,,,SMS対応SIMカード 20GB/月コース,sms-20GBm,sms-110MBd,,0,1,0,20,4270,,,,,月内5通目まで0円、月内6通目以降3円,,,,,,,,,,,TRUE
,,,SMS対応SIMカード 30GB/月コース,sms-30GBm,sms-110MBd,,0,1,0,30,6170,,,,,月内5通目まで0円、月内6通目以降3円,,,,,,,,,,,TRUE
,,,SMS対応SIMカード 500kbpsコース,sms-500kbps,sms-110MBd,,0,1,0,15,1920,,,,,月内5通目まで0円、月内6通目以降3円,,,,,,,,,,,TRUE
,,,050 plusつきSIMカード 110MB/日コース,voice-110MBd,,,0,0,1,3.3,1050,,,,固定電話へ8円/3分、携帯電話へ16円/1分、050 plus（050番号）同士無料,月内5通目まで0円、月内6通目以降3円,,,,,,,,,,,TRUE
,,,050 plusつきSIMカード 170MB/日コース,voice-170MBd,voice-110MBd,,0,0,1,5.1,1530,,,,固定電話へ8円/3分、携帯電話へ16円/1分、050 plus（050番号）同士無料,月内5通目まで0円、月内6通目以降3円,,,,,,,,,,,TRUE
,,,050 plusつきSIMカード 3GB/月コース,voice-3GBm,voice-110MBd,,0,0,1,3,1250,,,,固定電話へ8円/3分、携帯電話へ16円/1分、050 plus（050番号）同士無料,月内5通目まで0円、月内6通目以降3円,,,,,,,,,,,TRUE
,,,050 plusつきSIMカード 6GB/月コース,voice-6GBm,voice-110MBd,,0,0,1,6,1600,,,,固定電話へ8円/3分、携帯電話へ16円/1分、050 plus（050番号）同士無料,月内5通目まで0円、月内6通目以降3円,,,,,,,,,,,TRUE
,,,050 plusつきSIMカード 10GB/月コース,voice-10GBm,voice-110MBd,,0,0,1,10,2450,,,,固定電話へ8円/3分、携帯電話へ16円/1分、050 plus（050番号）同士無料,月内5通目まで0円、月内6通目以降3円,,,,,,,,,,,TRUE
,,,050 plusつきSIMカード 20GB/月コース,voice-20GBm,voice-110MBd,,0,0,1,20,4300,,,,固定電話へ8円/3分、携帯電話へ16円/1分、050 plus（050番号）同士無料,月内5通目まで0円、月内6通目以降3円,,,,,,,,,,,TRUE
,,,050 plusつきSIMカード 30GB/月コース,voice-30GBm,voice-110MBd,,0,0,1,30,6200,,,,固定電話へ8円/3分、携帯電話へ16円/1分、050 plus（050番号）同士無料,月内5通目まで0円、月内6通目以降3円,,,,,,,,,,,TRUE
,,,050 plusつきSIMカード 500kbpsコース,voice-500kbps,voice-110MBd,,0,0,1,15,1950,,,,固定電話へ8円/3分、携帯電話へ16円/1分、050 plus（050番号）同士無料,月内5通目まで0円、月内6通目以降3円,,,,,,,,,,,TRUE
,tnc,,ゼロプラン,zero-data,,,1,0,0,,660,,最大200kbps,,,,,,,,,,,,,,FALSE
,,,ミルプラン,mil-data,zero-data,,1,0,0,3,880,,最大225Mbps,最大50Mbps,,,,,,,,,,,,,FALSE
,,,モアプラン,more-data,zero-data,,1,0,0,5,1440,,最大225Mbps,最大50Mbps,,,,,,,,,,,,,FALSE
,,,ハイプラン,high-data,zero-data,,1,0,0,7,2340,,最大225Mbps,最大50Mbps,,,,,,,,,,,,,FALSE
,,,ゼロプラン（SMSつき）,zero-sms,,,0,1,0,,800,,最大200kbps,,,3円～30円(税抜)/通,,,,,,,,,,,FALSE
,,,ミルプラン（SMSつき）,mil-sms,zero-sms,,0,1,0,3,1020,,最大225Mbps,最大50Mbps,,3円～30円(税抜)/通,,,,,,,,,,,FALSE
,,,モアプラン（SMSつき）,more-sms,zero-sms,,0,1,0,5,1580,,最大225Mbps,最大50Mbps,,3円～30円(税抜)/通,,,,,,,,,,,FALSE
,,,ハイプラン（SMSつき）,high-sms,zero-sms,,0,1,0,7,2480,,最大225Mbps,最大50Mbps,,3円～30円(税抜)/通,,,,,,,,,,,FALSE
,,,ゼロプラン（音声通話つき）,zero-voice,,,0,0,1,,1360,,最大200kbps,,20円/30秒,3円～30円(税抜)/通,,,,,,,,,,,FALSE
,,,ミルプラン（音声通話つき）,mil-voice,zero-voice,,0,0,1,3,1580,,最大225Mbps,最大50Mbps,20円/30秒,3円～30円(税抜)/通,,,,,,,,,,,FALSE
,,,モアプラン（音声通話つき）,more-voice,zero-voice,,0,0,1,5,2140,,最大225Mbps,最大50Mbps,20円/30秒,3円～30円(税抜)/通,,,,,,,,,,,FALSE
,,,ハイプラン（音声通話つき）,high-voice,zero-voice,,0,0,1,7,3040,,最大225Mbps,最大50Mbps,20円/30秒,3円～30円(税抜)/通,,,,,,,,,,,FALSE
,nifmo,docomo,データ通信専用SIMカード,data-3,,,1,0,0,3,900,,最大375Mbps ,最大50Mbps,,,,TRUE,登録手数料|3000,,,,,,,,TRUE
,,,,data-7,data-3,,1,0,0,7,1600,,最大375Mbps ,最大50Mbps,,,,TRUE,登録手数料|3000,,,,,,,,TRUE
,,,,data-13,data-3,,1,0,0,13,2800,,最大375Mbps ,最大50Mbps,,,,TRUE,登録手数料|3000,,,,,,,,TRUE
,,,SMS対応SIMカード,sms-3,,,0,1,0,3,1050,,最大375Mbps ,最大50Mbps,,3円～30円/通,50円～500円/通（不課税）,TRUE,登録手数料|3000,,,,,,,,TRUE
,,,,sms-7,sms-3,,0,1,0,7,1750,,最大375Mbps ,最大50Mbps,,3円～30円/通,50円～500円/通（不課税）,TRUE,登録手数料|3000,,,,,,,,TRUE
,,,,sms-13,sms-3,,0,1,0,13,2950,,最大375Mbps ,最大50Mbps,,3円～30円/通,50円～500円/通（不課税）,TRUE,登録手数料|3000,,,,,,,,TRUE
,,,音声通話対応SIMカード,voice-3,,,0,0,1,3,1600,,最大375Mbps ,最大50Mbps,20円/30秒,3円～30円/通,50円～500円/通（不課税）,TRUE,登録手数料|3000,,,,,,,,TRUE
,,,,voice-7,voice-3,,0,0,1,7,2300,,最大375Mbps ,最大50Mbps,20円/30秒,3円～30円/通,50円～500円/通（不課税）,TRUE,登録手数料|3000,,,,,,,,TRUE
,,,,voice-13,voice-3,,0,0,1,13,3500,,最大375Mbps ,最大50Mbps,20円/30秒,3円～30円/通,50円～500円/通（不課税）,TRUE,登録手数料|3000,,,,,,,,TRUE
,iijmio,docomo,タイプD ミニマムスタートプラン（データ専用SIM）,d-minimum-data,,,2,0,0,3,900,,最大375Mbps ,最大50Mbps,,,,FALSE,パッケージ価格/初期費用|3000,SIMカード1枚につき400円（税抜）/月,,,,,,,TRUE
,,,タイプD ライトスタートプラン（データ専用SIM）,d-light-data,d-minimum-data,,2,0,0,6,1520,,最大375Mbps ,最大50Mbps,,,,FALSE,パッケージ価格/初期費用|3000,SIMカード1枚につき400円（税抜）/月,,,,,,,TRUE
,,,タイプD ファミリーシェアプラン（データ専用SIM）,d-family-data,d-minimum-data,,10,0,0,10,2560,,最大375Mbps ,最大50Mbps,,,,FALSE,パッケージ価格/初期費用|3000,SIMカード1枚につき400円（税抜）/月,,,,,,,TRUE
,,,タイプD ミニマムスタートプラン（SMS機能付きSIM）,d-minimum-sms,,,0,2,0,3,1040,,最大375Mbps ,最大50Mbps,,3～30円/回,50～500円/回（非課税）,FALSE,パッケージ価格/初期費用|3000,SIMカード1枚につき400円（税抜）/月,,,,,,,TRUE
,,,タイプD ライトスタートプラン（SMS機能付きSIM）,d-light-sms,d-minimum-sms,,0,2,0,6,1660,,最大375Mbps ,最大50Mbps,,3～30円/回,50～500円/回（非課税）,FALSE,パッケージ価格/初期費用|3000,SIMカード1枚につき400円（税抜）/月,,,,,,,TRUE
,,,タイプD ファミリーシェアプラン（SMS機能付きSIM）,d-family-sms,d-minimum-sms,,0,10,0,10,2700,,最大375Mbps ,最大50Mbps,,3～30円/回,50～500円/回（非課税）,FALSE,パッケージ価格/初期費用|3000,SIMカード1枚につき400円（税抜）/月,,,,,,,TRUE
,,,タイプD ミニマムスタートプラン（音声通話機能付きSIM）,d-minimum-voice,,,0,0,2,3,1600,,最大375Mbps ,最大50Mbps,通常料金: 20円/30秒<br>ミフォンダイアル利用時: 10円/30秒<br>「ファミリー通話割引」利用時: 16円30秒<br>「みおふぉんダイアル」「ファミリー通話割引」併用時: 8円/30秒,3～30円/回,50～500円/回（非課税）,FALSE,パッケージ価格/初期費用|3000,SIMカード1枚につき400円（税抜）/月,,,,,,,TRUE
,,,タイプD ライトスタートプラン（音声通話機能付きSIM）,d-light-voice,d-minimum-voice,,0,0,2,6,2220,,最大375Mbps ,最大50Mbps,通常料金: 20円/30秒<br>ミフォンダイアル利用時: 10円/30秒<br>「ファミリー通話割引」利用時: 16円30秒<br>「みおふぉんダイアル」「ファミリー通話割引」併用時: 8円/30秒,3～30円/回,50～500円/回（非課税）,FALSE,パッケージ価格/初期費用|3000,SIMカード1枚につき400円（税抜）/月,,,,,,,TRUE
,,,タイプD ファミリーシェアプラン（音声通話機能付きSIM）,d-family-voice,d-minimum-voice,,0,0,10,10,3260,,最大375Mbps ,最大50Mbps,通常料金: 20円/30秒<br>ミフォンダイアル利用時: 10円/30秒<br>「ファミリー通話割引」利用時: 16円30秒<br>「みおふぉんダイアル」「ファミリー通話割引」併用時: 8円/30秒,3～30円/回,50～500円/回（非課税）,FALSE,パッケージ価格/初期費用|3000,SIMカード1枚につき400円（税抜）/月,,,,,,,TRUE
,,au,タイプA ミニマムスタートプラン（SMS機能付きSIM）,a-minimum-sms,,,0,2,0,3,900,,最大375Mbps ,最大50Mbps,,,,FALSE,パッケージ価格/初期費用|3000,SIMカード1枚につき400円（税抜）/月,,,,,,,TRUE
,,,タイプA ライトスタートプラン（SMS機能付きSIM）,a-light-sms,a-minimum-sms,,0,2,0,6,1520,,最大375Mbps ,最大50Mbps,,,,FALSE,パッケージ価格/初期費用|3000,SIMカード1枚につき400円（税抜）/月,,,,,,,TRUE
,,,タイプA ファミリーシェアプラン（SMS機能付きSIM）,a-family-sms,a-minimum-sms,,0,10,0,10,2560,,最大375Mbps ,最大50Mbps,,,,FALSE,パッケージ価格/初期費用|3000,SIMカード1枚につき400円（税抜）/月,,,,,,,TRUE
,,,タイプA ミニマムスタートプラン（音声通話機能付きSIM）,a-minimum-voice,,,0,0,2,3,1600,,最大375Mbps ,最大50Mbps,通常料金: 20円/30秒<br>ミフォンダイアル利用時: 10円/30秒<br>「ファミリー通話割引」利用時: 16円30秒<br>「みおふぉんダイアル」「ファミリー通話割引」併用時: 8円/30秒,,,FALSE,パッケージ価格/初期費用|3000,SIMカード1枚につき400円（税抜）/月,,,,,,,TRUE
,,,タイプA ライトスタートプラン（音声通話機能付きSIM）,a-light-voice,a-minimum-voice,,0,0,2,6,2220,,最大375Mbps ,最大50Mbps,通常料金: 20円/30秒<br>ミフォンダイアル利用時: 10円/30秒<br>「ファミリー通話割引」利用時: 16円30秒<br>「みおふぉんダイアル」「ファミリー通話割引」併用時: 8円/30秒,,,FALSE,パッケージ価格/初期費用|3000,SIMカード1枚につき400円（税抜）/月,,,,,,,TRUE
,,,タイプA ファミリーシェアプラン（音声通話機能付きSIM）,a-family-voice,a-minimum-voice,,0,0,10,10,3260,,最大375Mbps ,最大50Mbps,通常料金: 20円/30秒<br>ミフォンダイアル利用時: 10円/30秒<br>「ファミリー通話割引」利用時: 16円30秒<br>「みおふぉんダイアル」「ファミリー通話割引」併用時: 8円/30秒,,,FALSE,パッケージ価格/初期費用|3000,SIMカード1枚につき400円（税抜）/月,,,,,,,TRUE
,excite,docomo,最適料金プラン（データのみ・1枚コース）,optimum-1-data,,,1,0,0,0,0,,,,,,,FALSE,"新規契約手数料|3,000円（税抜）/申込",,,,,,,,TRUE
,,,最適料金プラン（データのみ・3枚コース）,optimum-3-data,optimum-1-data,,1,0,0,0,0,,,,,,,FALSE,"新規契約手数料|3,000円（税抜）/申込",月額390円（税抜）/枚,,,,,,,TRUE
,,,最適料金プラン（SMSつき・1枚コース）,optimum-1-sms,optimum-1-data,,0,1,0,0,0,,,,,,,FALSE,"新規契約手数料|3,000円（税抜）/申込",,,,,,,,TRUE
,,,最適料金プラン（SMSつき・3枚コース）,optimum-3-sms,optimum-1-data,,0,1,0,0,0,,,,,,,FALSE,"新規契約手数料|3,000円（税抜）/申込",月額390円（税抜）/枚,,,,,,,TRUE
,,,最適料金プラン（音声通話つき・1枚コース）,optimum-1-voice,optimum-1-data,,0,0,1,0,0,,,,,,,FALSE,"新規契約手数料|3,000円（税抜）/申込",,,,,,,,TRUE
,,,最適料金プラン（音声通話つき・3枚コース）,optimum-3-voice,optimum-1-data,,0,0,1,0,0,,,,,,,FALSE,"新規契約手数料|3,000円（税抜）/申込",月額390円（税抜）/枚,,,,,,,TRUE
,,,定額プラン1GB（データのみ・1枚コース）,fixed1-1-data,,,1,0,0,1,670,,,,,,,1ヶ月だけ可能,"新規契約手数料|3,000円（税抜）/申込",,,,,,,,TRUE
,,,定額プラン1GB（データのみ・ 3枚コース）,fixed1-3-data,fixed1-1-data,,3,0,0,1,1260,,,,,,,1ヶ月だけ可能,"新規契約手数料|3,000円（税抜）/申込",月額390円（税抜）/枚,,,,,,,TRUE
,,,定額プラン2GB（データのみ・1枚コース）,fixed2-1-data,fixed1-1-data,,1,0,0,2,770,,,,,,,1ヶ月だけ可能,"新規契約手数料|3,000円（税抜）/申込",,,,,,,,TRUE
,,,定額プラン2GB（データのみ・3枚コース）,fixed2-3-data,fixed1-1-data,,3,0,0,2,1450,,,,,,,1ヶ月だけ可能,"新規契約手数料|3,000円（税抜）/申込",月額390円（税抜）/枚,,,,,,,TRUE
,,,定額プラン3GB（データのみ・1枚コース）,fixed3-1-data,fixed1-1-data,,1,0,0,3,900,,,,,,,1ヶ月だけ可能,"新規契約手数料|3,000円（税抜）/申込",,,,,,,,TRUE
,,,定額プラン3GB（データのみ・3枚コース）,fixed3-3-data,fixed1-1-data,,3,0,0,3,1680,,,,,,,1ヶ月だけ可能,"新規契約手数料|3,000円（税抜）/申込",月額390円（税抜）/枚,,,,,,,TRUE
,,,定額プラン9GB（データのみ・1枚コース）,fixed9-1-data,fixed1-1-data,,1,0,0,9,2250,,,,,,,1ヶ月だけ可能,"新規契約手数料|3,000円（税抜）/申込",,,,,,,,TRUE
,,,定額プラン9GB（データのみ・3枚コース）,fixed9-3-data,fixed1-1-data,,3,0,0,9,2460,,,,,,,1ヶ月だけ可能,"新規契約手数料|3,000円（税抜）/申込",月額390円（税抜）/枚,,,,,,,TRUE
,,,定額プラン20GB（データのみ・1枚コース）,fixed20-1-data,fixed1-1-data,,1,0,0,20,4750,,,,,,,1ヶ月だけ可能,"新規契約手数料|3,000円（税抜）/申込",,,,,,,,TRUE
,,,定額プラン20GB（データのみ・3枚コース）,fixed20-3-data,fixed1-1-data,,3,0,0,20,5180,,,,,,,1ヶ月だけ可能,"新規契約手数料|3,000円（税抜）/申込",月額390円（税抜）/枚,,,,,,,TRUE
,,,定額プラン30GB（データのみ・1枚コース）,fixed30-1-data,fixed1-1-data,,1,0,0,30,6980,,,,,,,1ヶ月だけ可能,"新規契約手数料|3,000円（税抜）/申込",,,,,,,,TRUE
,,,定額プラン30GB（データのみ・3枚コース）,fixed30-3-data,fixed1-1-data,,3,0,0,30,7480,,,,,,,1ヶ月だけ可能,"新規契約手数料|3,000円（税抜）/申込",月額390円（税抜）/枚,,,,,,,TRUE
,,,定額プラン40GB（データのみ・1枚コース）,fixed40-1-data,fixed1-1-data,,1,0,0,40,9980,,,,,,,1ヶ月だけ可能,"新規契約手数料|3,000円（税抜）/申込",,,,,,,,TRUE
,,,定額プラン40GB（データのみ・3枚コース）,fixed40-3-data,fixed1-1-data,,3,0,0,40,10280,,,,,,,1ヶ月だけ可能,"新規契約手数料|3,000円（税抜）/申込",月額390円（税抜）/枚,,,,,,,TRUE
,,,定額プラン50GB（データのみ・1枚コース）,fixed50-1-data,fixed1-1-data,,1,0,0,50,13800,,,,,,,1ヶ月だけ可能,"新規契約手数料|3,000円（税抜）/申込",,,,,,,,TRUE
,,,定額プラン50GB（データのみ・3枚コース）,fixed50-3-data,fixed1-1-data,,3,0,0,50,14180,,,,,,,1ヶ月だけ可能,"新規契約手数料|3,000円（税抜）/申込",月額390円（税抜）/枚,,,,,,,TRUE
,,,定額プラン1GB（SMSつき・1枚コース）,fixed1-1-sms,,,0,1,0,1,800,,,,,3～30円（税抜）/通,50～500円（非課税）/通,1ヶ月だけ可能,"新規契約手数料|3,000円（税抜）/申込",,,,,,,,TRUE
,,,定額プラン1GB（SMSつき・3枚コース）,fixed1-3-sms,fixed1-1-sms,,0,3,0,1,1650,,,,,3～30円（税抜）/通,50～500円（非課税）/通,1ヶ月だけ可能,"新規契約手数料|3,000円（税抜）/申込",月額390円（税抜）/枚,,,,,,,TRUE
,,,定額プラン2GB（SMSつき・1枚コース）,fixed2-1-sms,fixed1-1-sms,,0,1,0,2,900,,,,,3～30円（税抜）/通,50～500円（非課税）/通,1ヶ月だけ可能,"新規契約手数料|3,000円（税抜）/申込",,,,,,,,TRUE
,,,定額プラン2GB（SMSつき・3枚コース）,fixed2-3-sms,fixed1-1-sms,,0,3,0,2,1840,,,,,3～30円（税抜）/通,50～500円（非課税）/通,1ヶ月だけ可能,"新規契約手数料|3,000円（税抜）/申込",月額390円（税抜）/枚,,,,,,,TRUE
,,,定額プラン3GB（SMSつき・1枚コース）,fixed3-1-sms,fixed1-1-sms,,0,1,0,3,1030,,,,,3～30円（税抜）/通,50～500円（非課税）/通,1ヶ月だけ可能,"新規契約手数料|3,000円（税抜）/申込",,,,,,,,TRUE
,,,定額プラン3GB（SMSつき・3枚コース）,fixed3-3-sms,fixed1-1-sms,,0,3,0,3,2070,,,,,3～30円（税抜）/通,50～500円（非課税）/通,1ヶ月だけ可能,"新規契約手数料|3,000円（税抜）/申込",月額390円（税抜）/枚,,,,,,,TRUE
,,,定額プラン9GB（SMSつき・1枚コース）,fixed9-1-sms,fixed1-1-sms,,0,1,0,9,2380,,,,,3～30円（税抜）/通,50～500円（非課税）/通,1ヶ月だけ可能,"新規契約手数料|3,000円（税抜）/申込",,,,,,,,TRUE
,,,定額プラン9GB（SMSつき・3枚コース）,fixed9-3-sms,fixed1-1-sms,,0,3,0,9,2850,,,,,3～30円（税抜）/通,50～500円（非課税）/通,1ヶ月だけ可能,"新規契約手数料|3,000円（税抜）/申込",月額390円（税抜）/枚,,,,,,,TRUE
,,,定額プラン20GB（SMSつき・1枚コース）,fixed20-1-sms,fixed1-1-sms,,0,1,0,20,4880,,,,,3～30円（税抜）/通,50～500円（非課税）/通,1ヶ月だけ可能,"新規契約手数料|3,000円（税抜）/申込",,,,,,,,TRUE
,,,定額プラン20GB（SMSつき・3枚コース）,fixed20-3-sms,fixed1-1-sms,,0,3,0,20,5570,,,,,3～30円（税抜）/通,50～500円（非課税）/通,1ヶ月だけ可能,"新規契約手数料|3,000円（税抜）/申込",月額390円（税抜）/枚,,,,,,,TRUE
,,,定額プラン30GB（SMSつき・1枚コース）,fixed30-1-sms,fixed1-1-sms,,0,1,0,30,7110,,,,,3～30円（税抜）/通,50～500円（非課税）/通,1ヶ月だけ可能,"新規契約手数料|3,000円（税抜）/申込",,,,,,,,TRUE
,,,定額プラン30GB（SMSつき・3枚コース）,fixed30-3-sms,fixed1-1-sms,,0,3,0,30,7870,,,,,3～30円（税抜）/通,50～500円（非課税）/通,1ヶ月だけ可能,"新規契約手数料|3,000円（税抜）/申込",月額390円（税抜）/枚,,,,,,,TRUE
,,,定額プラン40GB（SMSつき・1枚コース）,fixed40-1-sms,fixed1-1-sms,,0,1,0,40,10110,,,,,3～30円（税抜）/通,50～500円（非課税）/通,1ヶ月だけ可能,"新規契約手数料|3,000円（税抜）/申込",,,,,,,,TRUE
,,,定額プラン40GB（SMSつき・3枚コース）,fixed40-3-sms,fixed1-1-sms,,0,3,0,40,10670,,,,,3～30円（税抜）/通,50～500円（非課税）/通,1ヶ月だけ可能,"新規契約手数料|3,000円（税抜）/申込",月額390円（税抜）/枚,,,,,,,TRUE
,,,定額プラン50GB（SMSつき・1枚コース）,fixed50-1-sms,fixed1-1-sms,,0,1,0,50,13930,,,,,3～30円（税抜）/通,50～500円（非課税）/通,1ヶ月だけ可能,"新規契約手数料|3,000円（税抜）/申込",,,,,,,,TRUE
,,,定額プラン50GB（SMSつき・3枚コース）,fixed50-3-sms,fixed1-1-sms,,0,3,0,50,14570,,,,,3～30円（税抜）/通,50～500円（非課税）/通,1ヶ月だけ可能,"新規契約手数料|3,000円（税抜）/申込",月額390円（税抜）/枚,,,,,,,TRUE
,,,定額プラン1GB（音声通話機能つき・1枚コース）,fixed1-1-voice,,,0,0,1,1,1370,,,,20円（税抜）/30秒,,50～500円（非課税）/通,1ヶ月だけ可能,"新規契約手数料|3,000円（税抜）/申込",,,,,,,,TRUE
,,,定額プラン1GB（音声通話機能つき・3枚コース）,fixed1-3-voice,fixed1-1-voice,,0,0,3,1,3360,,,,20円（税抜）/30秒,,50～500円（非課税）/通,1ヶ月だけ可能,"新規契約手数料|3,000円（税抜）/申込",月額390円（税抜）/枚,,,,,,,TRUE
,,,定額プラン2GB（音声通話機能つき・1枚コース）,fixed2-1-voice,fixed1-1-voice,,0,0,1,2,1470,,,,20円（税抜）/30秒,,50～500円（非課税）/通,1ヶ月だけ可能,"新規契約手数料|3,000円（税抜）/申込",,,,,,,,TRUE
,,,定額プラン2GB（音声通話機能つき・3枚コース）,fixed2-3-voice,fixed1-1-voice,,0,0,3,2,3550,,,,20円（税抜）/30秒,,50～500円（非課税）/通,1ヶ月だけ可能,"新規契約手数料|3,000円（税抜）/申込",月額390円（税抜）/枚,,,,,,,TRUE
,,,定額プラン3GB（音声通話機能つき・1枚コース）,fixed3-1-voice,fixed1-1-voice,,0,0,1,3,1600,,,,20円（税抜）/30秒,,50～500円（非課税）/通,1ヶ月だけ可能,"新規契約手数料|3,000円（税抜）/申込",,,,,,,,TRUE
,,,定額プラン3GB（音声通話機能つき・3枚コース）,fixed3-3-voice,fixed1-1-voice,,0,0,3,3,3780,,,,20円（税抜）/30秒,,50～500円（非課税）/通,1ヶ月だけ可能,"新規契約手数料|3,000円（税抜）/申込",月額390円（税抜）/枚,,,,,,,TRUE
,,,定額プラン9GB（音声通話機能つき・1枚コース）,fixed9-1-voice,fixed1-1-voice,,0,0,1,9,2950,,,,20円（税抜）/30秒,,50～500円（非課税）/通,1ヶ月だけ可能,"新規契約手数料|3,000円（税抜）/申込",,,,,,,,TRUE
,,,定額プラン9GB（音声通話機能つき・3枚コース）,fixed9-3-voice,fixed1-1-voice,,0,0,3,9,4560,,,,20円（税抜）/30秒,,50～500円（非課税）/通,1ヶ月だけ可能,"新規契約手数料|3,000円（税抜）/申込",月額390円（税抜）/枚,,,,,,,TRUE
,,,定額プラン20GB（音声通話機能つき・1枚コース）,fixed20-1-voice,fixed1-1-voice,,0,0,1,20,5450,,,,20円（税抜）/30秒,,50～500円（非課税）/通,1ヶ月だけ可能,"新規契約手数料|3,000円（税抜）/申込",,,,,,,,TRUE
,,,定額プラン20GB（音声通話機能つき・3枚コース）,fixed20-3-voice,fixed1-1-voice,,0,0,3,20,7280,,,,20円（税抜）/30秒,,50～500円（非課税）/通,1ヶ月だけ可能,"新規契約手数料|3,000円（税抜）/申込",月額390円（税抜）/枚,,,,,,,TRUE
,,,定額プラン30GB（音声通話機能つき・1枚コース）,fixed30-1-voice,fixed1-1-voice,,0,0,1,30,7680,,,,20円（税抜）/30秒,,50～500円（非課税）/通,1ヶ月だけ可能,"新規契約手数料|3,000円（税抜）/申込",,,,,,,,TRUE
,,,定額プラン30GB（音声通話機能つき・3枚コース）,fixed30-3-voice,fixed1-1-voice,,0,0,3,30,9580,,,,20円（税抜）/30秒,,50～500円（非課税）/通,1ヶ月だけ可能,"新規契約手数料|3,000円（税抜）/申込",月額390円（税抜）/枚,,,,,,,TRUE
,,,定額プラン40GB（音声通話機能つき・1枚コース）,fixed40-1-voice,fixed1-1-voice,,0,0,1,40,10680,,,,20円（税抜）/30秒,,50～500円（非課税）/通,1ヶ月だけ可能,"新規契約手数料|3,000円（税抜）/申込",,,,,,,,TRUE
,,,定額プラン40GB（音声通話機能つき・3枚コース）,fixed40-3-voice,fixed1-1-voice,,0,0,3,40,12380,,,,20円（税抜）/30秒,,50～500円（非課税）/通,1ヶ月だけ可能,"新規契約手数料|3,000円（税抜）/申込",月額390円（税抜）/枚,,,,,,,TRUE
,,,定額プラン50GB（音声通話機能つき・1枚コース）,fixed50-1-voice,fixed1-1-voice,,0,0,1,50,14500,,,,20円（税抜）/30秒,,50～500円（非課税）/通,1ヶ月だけ可能,"新規契約手数料|3,000円（税抜）/申込",,,,,,,,TRUE
,,,定額プラン50GB（音声通話機能つき・3枚コース）,fixed50-3-voice,fixed1-1-voice,,0,0,3,50,16280,,,,20円（税抜）/30秒,,50～500円（非課税）/通,1ヶ月だけ可能,"新規契約手数料|3,000円（税抜）/申込",月額390円（税抜）/枚,,,,,,,TRUE